rouge_l_precision,rouge_l_recall,rouge_l_f1,bert_similarity,bert_precision,bert_recall,bert_f1,rouge_l_precision_processed,rouge_l_recall_processed,rouge_l_f1_processed,bert_similarity_processed,bert_precision_processed,bert_recall_processed,bert_f1_processed
0.15328919495656418,0.6540897114581322,0.23626164052484716,0.6528430188957014,0.43046019077301023,0.6672567693810714,0.5207022905349732,0.22325396825396815,0.45793393740762167,0.2864561149574714,0.708875154194079,0.5361152918715226,0.6329088985919953,0.5781883547180577
