rouge_l_precision,rouge_l_recall,rouge_l_f1,bert_similarity,bert_precision,bert_recall,bert_f1,rouge_l_precision_processed,rouge_l_recall_processed,rouge_l_f1_processed,bert_similarity_processed,bert_precision_processed,bert_recall_processed,bert_f1_processed
0.13846995491121106,0.7271202177452177,0.21370307712141345,0.6359941586852074,0.4167115169887741,0.6710448718319336,0.5083350964511434,0.22098214285714282,0.4610678673178672,0.28105151577479176,0.6882765144109726,0.529583798100551,0.6117500526209673,0.5639610333989064
