rouge_l_precision,rouge_l_recall,rouge_l_f1,bert_similarity,bert_precision,bert_recall,bert_f1,rouge_l_precision_processed,rouge_l_recall_processed,rouge_l_f1_processed,bert_similarity_processed,bert_precision_processed,bert_recall_processed,bert_f1_processed
0.13597873601485103,0.7163941671754173,0.2128594338098538,0.6358573470885555,0.41099520586431026,0.6682459811369578,0.5057224755485853,0.20229640151515157,0.4453010531135531,0.26365613526810333,0.6693624428783854,0.5070665770520767,0.5977883618324995,0.545868361989657
