rouge_l_precision,rouge_l_recall,rouge_l_f1,bert_similarity,bert_precision,bert_recall,bert_f1,rouge_l_precision_processed,rouge_l_recall_processed,rouge_l_f1_processed,bert_similarity_processed,bert_precision_processed,bert_recall_processed,bert_f1_processed
0.15054646956677384,0.7034499643874644,0.23317170317553967,0.6465481712172428,0.4222296755760908,0.6615078604469696,0.5119916287561258,0.2224777537277537,0.48450059778184773,0.2916435969868671,0.6844789618626237,0.5237087206915021,0.6199968742827574,0.5645651488254467
