rouge_l_precision,rouge_l_recall,rouge_l_f1,bert_similarity,bert_precision,bert_recall,bert_f1,rouge_l_precision_processed,rouge_l_recall_processed,rouge_l_f1_processed,bert_similarity_processed,bert_precision_processed,bert_recall_processed,bert_f1_processed
0.27878303970722823,0.6984228734228735,0.33528188906167883,0.6860666250189146,0.5028768228366971,0.6762127491335074,0.5674616529916724,0.37437996031746024,0.567856824888075,0.4203306386452668,0.7329491395503283,0.6211978889380892,0.6606670180335641,0.6356066841011246
