rouge_l_precision,rouge_l_recall,rouge_l_f1,bert_similarity,bert_precision,bert_recall,bert_f1,rouge_l_precision_processed,rouge_l_recall_processed,rouge_l_f1_processed,bert_similarity_processed,bert_precision_processed,bert_recall_processed,bert_f1_processed
0.252226507505435,0.7510483440170937,0.31717027049314384,0.684706631116569,0.48052649572491646,0.6873311155165235,0.5576869500800967,0.3640335648148146,0.5803870319495319,0.417642951470477,0.7466374163826307,0.6172746984908978,0.6599095175042748,0.6340848083297411
