rouge_l_precision,rouge_l_recall,rouge_l_f1,bert_similarity,bert_precision,bert_recall,bert_f1,rouge_l_precision_processed,rouge_l_recall_processed,rouge_l_f1_processed,bert_similarity_processed,bert_precision_processed,bert_recall_processed,bert_f1_processed
0.11045246043965447,0.7661324786324784,0.16589632674600294,0.59461201261729,0.3798283226788044,0.6264565034459034,0.4685517614707351,0.24551091269841277,0.5028957443019944,0.3124405124670972,0.657305556970338,0.5279114112878839,0.6249875345577797,0.5693206526339054
