rouge_l_precision,rouge_l_recall,rouge_l_f1,bert_similarity,bert_precision,bert_recall,bert_f1,rouge_l_precision_processed,rouge_l_recall_processed,rouge_l_f1_processed,bert_similarity_processed,bert_precision_processed,bert_recall_processed,bert_f1_processed
0.21044548182529876,0.7069870522995522,0.27276806531464104,0.6494628501435121,0.4544016368066271,0.6534363791967431,0.5265721629063288,0.30640707671957673,0.5344090226902726,0.36155466101637757,0.7065658069526156,0.5859348519394795,0.6382793715844551,0.6060279064501325
