rouge_l_precision,rouge_l_recall,rouge_l_f1,bert_similarity,bert_precision,bert_recall,bert_f1,rouge_l_precision_processed,rouge_l_recall_processed,rouge_l_f1_processed,bert_similarity_processed,bert_precision_processed,bert_recall_processed,bert_f1_processed
0.1901267693896025,0.739030703093203,0.2643869114581597,0.6431974979738394,0.4281136008600394,0.6624033826713761,0.5147419469431043,0.30180224867724864,0.5453465226902727,0.3661261873250363,0.7077056172614297,0.5650882013142109,0.6418639654293656,0.5972964204847813
