rouge_l_precision,rouge_l_recall,rouge_l_f1,bert_similarity,bert_precision,bert_recall,bert_f1,rouge_l_precision_processed,rouge_l_recall_processed,rouge_l_f1_processed,bert_similarity_processed,bert_precision_processed,bert_recall_processed,bert_f1_processed
0.22817268578670277,0.6918514066951565,0.2543134766944115,0.6515004967028896,0.4503074887519081,0.6385021513948838,0.5178153136124214,0.30639880952380943,0.4962908908221407,0.33328398244918356,0.6985350921750069,0.5650411872193217,0.6261977863808473,0.5885784293835362
