rouge_l_precision,rouge_l_recall,rouge_l_f1,bert_similarity,bert_precision,bert_recall,bert_f1,rouge_l_precision_processed,rouge_l_recall_processed,rouge_l_f1_processed,bert_similarity_processed,bert_precision_processed,bert_recall_processed,bert_f1_processed
0.22630711506061277,0.6864026887464387,0.25204847175231826,0.6361195522670945,0.4563712210704883,0.6299348327641686,0.5161266053716341,0.3149305555555555,0.5069384030321529,0.34882369570788674,0.6830547209829092,0.5658057145774364,0.6210760409012437,0.5862798929835359
