rouge_l_precision,rouge_l_recall,rouge_l_f1,bert_similarity,bert_precision,bert_recall,bert_f1,rouge_l_precision_processed,rouge_l_recall_processed,rouge_l_f1_processed,bert_similarity_processed,bert_precision_processed,bert_recall_processed,bert_f1_processed
0.17954697661026975,0.7033746057183556,0.22617637220357933,0.6204977516705791,0.4195234204332034,0.643512649461627,0.49928784370422363,0.2839781746031745,0.5231958435083436,0.33807279492022113,0.6832656987632314,0.5520118304217855,0.6352608473971486,0.5867690593004227
