name,RR,nDCG@10,AP
BM25 Original,0.8023589065255734,0.4936273783432555,0.35872423661530894
TF-IDF Original,0.8023589065255734,0.49257516071215307,0.35807197489957543
