name,RR,nDCG@10,AP,P@5,R@100
BM25 Original,0.8023589065255734,0.4936273783432555,0.35872423661530894,0.6259259259259259,0.5046576191373204
TF-IDF Original,0.8023589065255734,0.49257516071215307,0.35807197489957543,0.6259259259259259,0.5032058766506073
