name,RR,nDCG@10,AP,P@5,R@100
BM25 Rewritten,0.7973051842569387,0.5032361325981415,0.3511850344570853,0.6370370370370368,0.4928694047858913
TF-IDF Rewritten,0.8059415225460002,0.5039541363942649,0.3509613878759656,0.6333333333333333,0.4919903999853179
