name,RR,nDCG@10,AP,P@5,R@100
BM25 Rewritten,0.8055062424579971,0.4994720045633864,0.3540517105391849,0.6185185185185185,0.4950495425297895
TF-IDF Rewritten,0.8147598646976758,0.5000969340183162,0.35378249410847334,0.6185185185185185,0.49417053772921604
