name,RR,nDCG@10,AP,P@5,R@100
BM25 Rewritten,0.8080467372134039,0.5120223909831811,0.3612430340898153,0.6555555555555556,0.5122359503079762
TF-IDF Rewritten,0.816688712522046,0.5126649296114102,0.36101961139418276,0.6518518518518518,0.5113569455074027
