name,RR,nDCG@10,AP,P@5,R@100
BM25 Rewritten,0.7496518126491009,0.4791658129530611,0.3372682162823498,0.6037037037037037,0.4816050258142514
TF-IDF Rewritten,0.7490110183094819,0.48074076380731146,0.337098698870425,0.6,0.480246199455425
