name,RR,nDCG@10,AP
BM25 Rewritten,0.7683365891795676,0.4706675781870269,0.3333776475052015
TF-IDF Rewritten,0.7779254147507091,0.47049637299661595,0.33300948959287446
