name,RR,nDCG@10,AP,P@5,R@100
BM25 Rewritten,0.7683365891795676,0.4706675781870269,0.3333776475052015,0.5925925925925924,0.47728267473191754
TF-IDF Rewritten,0.7779254147507091,0.47049637299661595,0.33300948959287446,0.5925925925925924,0.47623979418607304
