rouge_l_precision,rouge_l_recall,rouge_l_f1,bert_similarity,bert_precision,bert_recall,bert_f1,rouge_l_precision_processed,rouge_l_recall_processed,rouge_l_f1_processed,bert_similarity_processed,bert_precision_processed,bert_recall_processed,bert_f1_processed
0.24857576717707777,0.7542258089133088,0.33634445850472283,0.6998771739502748,0.49113546777516603,0.6898363766570886,0.5683837539205948,0.34687913359788336,0.5995987230362229,0.41423192991767155,0.7558109558497866,0.627994681087633,0.6627096552401781,0.641691560856998
