rouge_l_precision,rouge_l_recall,rouge_l_f1,bert_similarity,bert_precision,bert_recall,bert_f1,rouge_l_precision_processed,rouge_l_recall_processed,rouge_l_f1_processed,bert_similarity_processed,bert_precision_processed,bert_recall_processed,bert_f1_processed
0.2113201624045826,0.7426997481684983,0.3002851391252367,0.6811457074557742,0.46750656235963106,0.680785202421248,0.5492997153972586,0.31735697751322733,0.5857524420024419,0.3929718375010895,0.7395203687871496,0.604734245998164,0.660967304992179,0.628448088032504
