rouge_l_precision,rouge_l_recall,rouge_l_f1,bert_similarity,bert_precision,bert_recall,bert_f1,rouge_l_precision_processed,rouge_l_recall_processed,rouge_l_f1_processed,bert_similarity_processed,bert_precision_processed,bert_recall_processed,bert_f1_processed
0.1685685357324056,0.767559841778592,0.24703879821285935,0.6327750040218234,0.41617341463764507,0.6583176784527799,0.5059308535419405,0.28420552248677233,0.5400265822140822,0.35326877083371877,0.6888796283553044,0.5496685858815908,0.6419641169098517,0.5889966899218658
