rouge_l_precision,rouge_l_recall,rouge_l_f1,bert_similarity,bert_precision,bert_recall,bert_f1,rouge_l_precision_processed,rouge_l_recall_processed,rouge_l_f1_processed,bert_similarity_processed,bert_precision_processed,bert_recall_processed,bert_f1_processed
0.19083471811892383,0.7624424475986974,0.255734296438103,0.6332696722820401,0.42531111743301153,0.6683715401838223,0.5141090753798684,0.30763888888888896,0.5506664631664632,0.36740817189346586,0.6985407331958413,0.568439100869,0.6526553813988963,0.6036200169473886
