rouge_l_precision,rouge_l_recall,rouge_l_f1,bert_similarity,bert_precision,bert_recall,bert_f1,rouge_l_precision_processed,rouge_l_recall_processed,rouge_l_f1_processed,bert_similarity_processed,bert_precision_processed,bert_recall_processed,bert_f1_processed
0.12665446378546721,0.8153222934472932,0.2053059533861349,0.6657177799691757,0.4524577247599761,0.6791526625553767,0.5390015331407388,0.2560681216931216,0.5768168752543751,0.33838670679564453,0.7410705580065647,0.5791934256752332,0.6397010035191973,0.6049411964292327
