rouge_l_precision,rouge_l_recall,rouge_l_f1,bert_similarity,bert_precision,bert_recall,bert_f1,rouge_l_precision_processed,rouge_l_recall_processed,rouge_l_f1_processed,bert_similarity_processed,bert_precision_processed,bert_recall_processed,bert_f1_processed
0.24285241940843702,0.7216762693325195,0.3048302472208293,0.6779731952895721,0.47774697964390117,0.6757173407822847,0.5524364896118641,0.33993468915343894,0.586512388074888,0.39470593907134804,0.7320752131442229,0.602727302039663,0.663088196888566,0.6266543011491498
