rouge_l_precision,rouge_l_recall,rouge_l_f1,bert_similarity,bert_precision,bert_recall,bert_f1,rouge_l_precision_processed,rouge_l_recall_processed,rouge_l_f1_processed,bert_similarity_processed,bert_precision_processed,bert_recall_processed,bert_f1_processed
0.22653069982456753,0.7665404329466828,0.3043869116016276,0.6830161040027937,0.47681494026134413,0.6893166353305181,0.5570529916634163,0.34136078042328033,0.6085190272690273,0.41007812970928376,0.7343227925399939,0.6020476318274935,0.6600600540017089,0.6260024852429827
